14.130;1.330;2.670;7.750;1.250;0.410;14.470;2.410;6.100;8.990;11.280;1.420;5.550;14.110;15.660;0.610;13.840;10.910;6.960;22.750;6.250;9.220;19.400;3.060;2.550;5.520;12.940;1.290;0.240;6.640;5.930;20.320;22.190;5.300;7.500;0.300;1.180;4.630;3.220;11.460;2.650;3.390;9.470;6.750;6.470;6.810;0.640;10.970;1.270;7.900
1.120;14.340;7.410;20.030;2.640;22.710;2.070;7.870;0.500;15.070;0.980;3.200;7.730;6.450;24.440;11.890;3.790;16.250;1.030;13.060;5.710;6.510;5.690;3.790;7.880;4.170;0.950;5.190;15.080;7.780;6.940;0.060;12.710;0.430;22.270;21.550;10.000;4.880;1.700;1.020;1.290;37.330;2.210;3.290;5.310;5.080;7.630;1.220;2.260;2.740
0.000;0.100;0.000;0.000;0.000;0.000;0.000;0.100;0.000;0.000;0.100;0.000;0.000;0.100;0.000;0.100;0.000;0.000;0.000;0.100;0.000;0.000;0.100;0.000;0.100;0.000;0.000;0.000;0.000;0.000;0.000;0.100;0.100;0.100;0.100;0.000;0.000;0.000;0.000;0.000;0.100;0.000;0.000;0.000;0.000;0.000;0.100;0.000;0.000;0.000
6.360;5.500;2.110;5.520;1.220;8.540;4.670;3.420;0.610;0.700;3.650;2.520;2.910;0.500;6.580;3.440;3.330;7.260;1.730;3.220;5.170;2.900;0.720;1.940;2.010;0.000;0.000;2.390;4.280;0.190;3.210;4.890;4.750;0.850;1.630;11.130;0.300;0.770;3.240;2.340;1.640;12.390;7.420;0.830;1.330;1.370;0.340;5.240;1.600;5.700
3.720;14.280;12.000;26.330;6.720;25.330;3.240;5.320;5.430;9.350;0.260;0.500;3.880;5.160;19.400;6.160;2.060;12.060;2.980;11.200;8.170;4.250;3.690;7.430;10.980;0.510;0.430;7.310;18.690;2.260;12.220;0.900;11.370;3.820;16.640;23.950;5.480;0.940;0.650;0.180;2.130;39.430;3.370;1.110;8.020;5.680;10.040;5.600;1.550;4.620
0.000;0.100;0.000;0.000;0.000;0.000;0.000;0.100;0.000;0.000;0.100;0.000;0.000;0.100;0.000;0.100;0.000;0.000;0.000;0.100;0.000;0.000;0.100;0.000;0.100;0.000;0.000;0.000;0.000;0.000;0.000;0.100;0.100;0.100;0.100;0.000;0.000;0.000;0.000;0.000;0.100;0.000;0.000;0.000;0.000;0.000;0.100;0.000;0.000;0.000
6.610;5.140;2.020;1.500;1.050;6.490;1.920;4.760;2.590;1.040;1.280;3.800;2.830;0.080;8.350;3.290;3.770;9.660;2.900;4.660;6.160;3.520;3.800;1.780;0.690;0.800;0.360;1.140;4.060;0.430;3.280;3.080;5.880;3.810;1.270;12.260;3.280;1.120;1.980;0.150;4.150;11.150;6.410;1.610;0.700;0.060;0.360;5.350;1.490;4.730
3.360;22.810;4.370;17.320;0.640;18.030;4.690;11.390;9.950;17.010;9.060;7.900;10.840;12.430;27.410;14.260;9.400;19.890;4.490;5.680;2.580;11.070;1.050;0.480;2.900;6.910;6.830;1.250;11.800;9.960;4.350;6.600;5.640;4.560;24.180;18.490;13.290;8.620;5.440;4.990;5.930;32.300;3.810;8.660;0.780;0.180;3.350;1.370;6.090;2.650
0.000;0.100;0.000;0.000;0.000;0.000;0.000;0.100;0.000;0.000;0.100;0.000;0.000;0.100;0.000;0.100;0.000;0.000;0.000;0.100;0.000;0.000;0.100;0.000;0.100;0.000;0.000;0.000;0.000;0.000;0.000;0.100;0.100;0.100;0.100;0.000;0.000;0.000;0.000;0.000;0.100;0.000;0.000;0.000;0.000;0.000;0.100;0.000;0.000;0.000
1.970;4.370;1.510;2.570;1.000;3.450;3.540;3.720;3.510;1.860;1.650;2.400;1.830;3.540;3.780;3.310;3.740;9.770;1.330;3.150;1.280;0.770;0.480;1.250;2.280;2.490;1.980;1.630;9.240;1.710;3.250;9.070;0.080;3.920;5.940;3.710;0.320;0.620;2.430;3.590;4.630;9.550;1.130;1.030;2.500;0.930;1.740;2.390;0.820;1.220
3.250;9.090;10.780;24.180;3.010;17.500;7.940;4.000;4.870;8.430;6.810;1.570;1.290;5.980;16.070;4.140;2.460;9.060;5.960;3.410;3.170;0.130;3.910;9.410;5.330;1.050;0.500;8.950;23.400;1.560;13.240;2.580;6.180;0.230;17.440;18.210;0.170;3.850;2.340;3.520;1.910;35.120;0.690;0.490;6.000;7.510;7.150;6.930;1.910;0.660
0.000;0.100;0.000;0.000;0.000;0.000;0.000;0.100;0.000;0.000;0.100;0.000;0.000;0.100;0.000;0.100;0.000;0.000;0.000;0.100;0.000;0.000;0.100;0.000;0.100;0.000;0.000;0.000;0.000;0.000;0.000;0.100;0.100;0.100;0.100;0.000;0.000;0.000;0.000;0.000;0.100;0.000;0.000;0.000;0.000;0.000;0.100;0.000;0.000;0.000
3.640;1.250;3.550;5.120;3.620;6.270;5.570;7.420;2.380;0.560;6.470;5.450;4.480;0.260;3.390;0.360;0.640;5.900;3.450;0.800;2.380;5.190;5.780;2.710;5.140;0.620;1.420;3.860;9.670;1.570;6.440;6.800;4.770;3.830;1.470;7.040;4.740;1.550;1.820;3.440;3.600;11.280;2.050;4.290;2.100;4.660;7.970;4.340;3.280;1.140
5.650;13.840;0.560;11.250;7.000;15.460;8.650;13.420;7.760;21.790;1.100;2.470;13.450;12.180;23.140;5.350;9.810;13.920;1.910;3.390;1.180;10.330;1.440;1.680;0.360;6.330;6.130;1.340;18.900;16.560;9.370;8.630;6.260;6.170;28.600;11.310;4.700;16.660;6.810;4.780;6.440;27.790;4.950;1.230;2.200;1.040;11.590;4.250;0.990;5.540
0.000;0.100;0.000;0.000;0.000;0.000;0.000;0.100;0.000;0.000;0.100;0.000;0.000;0.100;0.000;0.100;0.000;0.000;0.000;0.100;0.000;0.000;0.100;0.000;0.100;0.000;0.000;0.000;0.000;0.000;0.000;0.100;0.100;0.100;0.100;0.000;0.000;0.000;0.000;0.000;0.100;0.000;0.000;0.000;0.000;0.000;0.100;0.000;0.000;0.000
1.620;5.630;0.570;12.600;1.470;10.410;1.180;8.390;0.620;2.710;2.090;2.340;3.250;2.100;10.300;4.740;0.700;6.110;0.580;1.560;1.420;2.490;1.970;2.760;0.140;1.790;0.860;1.740;6.490;2.910;1.190;0.060;3.300;0.130;5.610;7.640;1.930;2.270;1.280;0.440;2.680;14.590;0.830;1.050;1.910;0.520;1.840;0.290;1.090;1.050
2.950;10.670;5.480;15.340;3.150;26.090;2.800;4.150;0.400;9.330;2.910;0.010;4.120;2.450;21.230;7.270;1.710;12.670;2.730;14.080;5.010;3.710;7.010;7.380;10.980;0.790;4.090;8.620;18.760;3.730;7.830;0.650;13.980;8.280;16.080;21.150;8.490;6.640;1.880;2.930;2.070;41.580;4.300;1.010;6.560;7.590;10.930;2.960;0.110;3.680
0.000;0.100;0.000;0.000;0.000;0.000;0.000;0.100;0.000;0.000;0.100;0.000;0.000;0.100;0.000;0.100;0.000;0.000;0.000;0.100;0.000;0.000;0.100;0.000;0.100;0.000;0.000;0.000;0.000;0.000;0.000;0.100;0.100;0.100;0.100;0.000;0.000;0.000;0.000;0.000;0.100;0.000;0.000;0.000;0.000;0.000;0.100;0.000;0.000;0.000
0.210;5.800;1.810;2.660;0.860;7.700;0.450;7.380;3.170;4.620;3.180;0.630;1.180;0.770;3.640;4.910;2.260;5.410;3.320;0.050;1.920;0.490;3.050;1.240;2.100;0.770;0.530;0.920;8.290;4.460;0.670;0.970;3.180;0.960;5.380;2.960;1.090;4.840;0.330;1.520;0.610;12.830;1.000;2.510;1.280;1.010;3.520;0.600;2.760;0.460
0.640;10.280;4.730;17.380;1.050;23.240;5.560;5.730;4.030;11.630;2.700;1.290;4.800;6.560;19.470;8.630;3.980;6.500;7.900;4.380;0.180;4.810;3.150;5.500;5.150;1.130;0.260;5.600;20.830;4.900;5.970;2.030;7.150;0.970;19.540;14.060;0.510;10.090;0.660;1.350;2.340;36.670;0.250;2.610;3.530;2.930;11.440;2.810;4.400;0.670
0.000;0.100;0.000;0.000;0.000;0.000;0.000;0.100;0.000;0.000;0.100;0.000;0.000;0.100;0.000;0.100;0.000;0.000;0.000;0.100;0.000;0.000;0.100;0.000;0.100;0.000;0.000;0.000;0.000;0.000;0.000;0.100;0.100;0.100;0.100;0.000;0.000;0.000;0.000;0.000;0.100;0.000;0.000;0.000;0.000;0.000;0.100;0.000;0.000;0.000
0.930;5.310;0.590;3.330;0.130;3.100;0.980;5.230;0.960;3.560;6.110;1.060;0.650;2.680;3.450;3.220;3.220;8.020;2.540;2.770;0.470;0.950;1.170;0.130;3.310;0.510;0.910;0.220;5.010;2.830;2.670;0.530;0.480;1.140;6.880;4.230;0.110;3.170;1.300;1.270;0.010;12.140;1.280;0.460;0.510;1.080;2.440;0.080;0.800;0.530
0.390;16.890;2.070;10.250;3.260;14.630;6.710;8.900;8.500;10.200;18.920;1.600;6.220;6.160;16.210;11.490;3.530;6.000;8.450;1.120;0.380;6.180;3.100;3.070;6.660;0.950;0.390;2.520;12.640;5.700;4.090;3.550;3.690;1.160;19.040;14.460;0.020;9.440;3.930;2.870;0.290;37.480;3.260;0.130;2.250;4.350;6.620;2.480;6.090;1.300
0.000;0.100;0.000;0.000;0.000;0.000;0.000;0.100;0.000;0.000;0.100;0.000;0.000;0.100;0.000;0.100;0.000;0.000;0.000;0.100;0.000;0.000;0.100;0.000;0.100;0.000;0.000;0.000;0.000;0.000;0.000;0.100;0.100;0.100;0.100;0.000;0.000;0.000;0.000;0.000;0.100;0.000;0.000;0.000;0.000;0.000;0.100;0.000;0.000;0.000
3.430;5.010;5.400;4.990;4.730;2.690;4.040;2.630;2.920;5.700;4.700;3.930;1.430;4.080;3.690;5.380;4.520;9.620;4.810;6.970;4.190;4.640;2.780;5.190;2.740;3.790;3.660;4.460;1.900;7.140;4.570;5.510;3.850;4.110;4.510;4.340;2.410;3.430;4.160;2.620;4.390;3.230;3.700;2.850;5.080;3.020;3.410;4.390;3.750;3.910
0.880;0.490;0.310;0.740;0.040;0.750;0.520;5.290;0.080;1.190;0.060;0.370;1.850;1.260;0.480;0.200;0.630;3.180;0.230;0.030;0.450;2.900;1.000;0.450;1.140;0.170;0.890;2.770;4.000;0.970;0.800;0.570;1.340;0.250;1.100;0.770;1.920;0.020;0.050;1.600;0.070;0.140;0.620;0.330;0.240;0.420;0.630;0.890;0.970;0.030
0.000;0.100;0.000;0.000;0.000;0.000;0.000;0.100;0.000;0.000;0.100;0.000;0.000;0.100;0.000;0.100;0.000;0.000;0.000;0.100;0.000;0.000;0.100;0.000;0.100;0.000;0.000;0.000;0.000;0.000;0.000;0.100;0.100;0.100;0.100;0.000;0.000;0.000;0.000;0.000;0.100;0.000;0.000;0.000;0.000;0.000;0.100;0.000;0.000;0.000
0.270;0.100;0.050;1.140;0.980;1.340;0.970;5.990;1.410;0.500;1.330;0.930;1.120;0.800;1.250;0.710;2.720;6.500;0.270;4.620;0.640;0.040;0.420;1.500;1.040;0.100;0.730;0.300;1.710;1.880;0.300;1.160;1.770;0.540;0.180;0.450;0.340;0.750;0.110;0.570;0.290;1.030;1.150;1.010;0.290;0.300;0.890;0.670;0.800;0.120
0.940;2.260;2.120;0.390;2.210;1.240;1.080;7.670;2.030;2.230;0.200;1.360;1.920;0.260;1.590;1.840;0.710;5.880;0.980;1.620;1.860;2.860;1.980;0.180;1.570;2.010;0.380;0.650;3.330;3.470;2.470;1.570;0.450;1.780;0.150;1.690;0.110;2.200;2.360;1.980;2.190;0.590;1.780;1.780;0.650;0.900;0.600;0.370;0.540;2.250
0.000;0.100;0.000;0.000;0.000;0.000;0.000;0.100;0.000;0.000;0.100;0.000;0.000;0.100;0.000;0.100;0.000;0.000;0.000;0.100;0.000;0.000;0.100;0.000;0.100;0.000;0.000;0.000;0.000;0.000;0.000;0.100;0.100;0.100;0.100;0.000;0.000;0.000;0.000;0.000;0.100;0.000;0.000;0.000;0.000;0.000;0.100;0.000;0.000;0.000
0.310;0.680;0.700;1.880;0.500;0.850;1.390;5.530;0.180;0.240;1.750;0.460;2.800;0.760;0.310;0.800;1.310;6.690;0.590;4.230;1.840;1.380;0.410;0.440;0.440;1.320;1.150;1.110;0.830;2.360;0.160;3.670;1.490;0.570;0.800;1.980;1.340;1.170;1.070;0.220;1.510;0.470;0.900;0.930;0.220;1.110;0.300;0.160;1.590;0.200
2.560;3.170;2.280;3.200;1.970;1.390;0.310;5.440;2.270;0.820;4.070;0.290;1.320;2.140;1.580;2.860;1.310;3.470;2.040;0.450;1.510;1.020;0.300;3.180;1.380;0.360;1.970;3.030;5.300;2.320;2.420;3.380;0.540;0.880;3.170;1.170;1.850;2.480;0.220;0.280;0.570;0.650;1.950;0.040;2.250;1.180;1.530;4.620;1.270;1.440
0.000;0.100;0.000;0.000;0.000;0.000;0.000;0.100;0.000;0.000;0.100;0.000;0.000;0.100;0.000;0.100;0.000;0.000;0.000;0.100;0.000;0.000;0.100;0.000;0.100;0.000;0.000;0.000;0.000;0.000;0.000;0.100;0.100;0.100;0.100;0.000;0.000;0.000;0.000;0.000;0.100;0.000;0.000;0.000;0.000;0.000;0.100;0.000;0.000;0.000
12.130;5.760;4.760;6.530;6.730;6.550;13.290;2.460;2.320;9.240;9.170;10.080;10.000;5.580;6.180;5.790;7.800;14.800;8.680;17.820;0.810;4.010;13.360;6.810;9.170;7.080;5.280;10.060;6.050;6.670;5.760;15.080;15.380;7.760;9.510;0.030;9.400;2.280;9.520;11.720;9.940;4.830;3.180;11.530;1.430;11.720;9.500;9.770;9.300;1.330
3.320;8.090;1.940;10.400;0.180;0.410;6.980;5.480;7.760;0.130;11.450;4.690;5.450;1.900;5.800;5.710;4.770;1.890;5.660;2.160;3.470;7.150;0.960;2.730;7.180;0.500;2.960;2.750;7.670;2.040;3.680;3.220;3.170;7.690;1.410;1.810;1.230;2.430;0.320;1.130;6.120;2.000;0.410;0.180;0.320;1.550;4.380;2.150;1.170;0.730
0.000;0.100;0.000;0.000;0.000;0.000;0.000;0.100;0.000;0.000;0.100;0.000;0.000;0.100;0.000;0.100;0.000;0.000;0.000;0.100;0.000;0.000;0.100;0.000;0.100;0.000;0.000;0.000;0.000;0.000;0.000;0.100;0.100;0.100;0.100;0.000;0.000;0.000;0.000;0.000;0.100;0.000;0.000;0.000;0.000;0.000;0.100;0.000;0.000;0.000
5.160;3.940;2.850;2.250;4.150;0.570;2.550;7.840;4.220;4.650;4.170;1.410;6.650;0.060;3.900;3.460;0.690;4.590;1.570;2.990;0.940;4.190;0.460;2.430;2.420;1.040;0.530;1.090;3.670;2.340;4.360;9.100;0.300;3.050;5.730;0.800;1.880;3.400;1.300;3.680;1.490;2.070;1.720;0.340;2.500;1.510;2.130;3.740;0.440;2.370
2.520;0.450;1.200;0.120;1.390;1.860;0.490;5.400;0.750;1.470;3.040;1.110;0.080;2.240;1.720;1.230;3.010;3.400;0.640;2.380;0.410;2.140;1.190;3.680;0.510;0.300;0.120;2.810;4.200;1.240;0.300;5.730;0.820;0.220;3.240;0.790;2.140;1.050;0.090;0.070;1.170;0.850;1.150;0.660;1.860;0.720;0.210;3.500;0.880;0.450
0.000;0.100;0.000;0.000;0.000;0.000;0.000;0.100;0.000;0.000;0.100;0.000;0.000;0.100;0.000;0.100;0.000;0.000;0.000;0.100;0.000;0.000;0.100;0.000;0.100;0.000;0.000;0.000;0.000;0.000;0.000;0.100;0.100;0.100;0.100;0.000;0.000;0.000;0.000;0.000;0.100;0.000;0.000;0.000;0.000;0.000;0.100;0.000;0.000;0.000
0.340;3.550;2.870;3.320;1.500;1.620;2.110;4.290;0.890;3.060;2.370;2.010;0.410;1.430;0.510;3.520;2.630;7.900;1.640;3.590;2.290;1.780;0.090;2.590;1.730;1.900;1.950;1.960;0.040;3.460;3.130;1.680;1.090;2.620;0.410;2.350;0.560;1.900;2.040;0.830;2.930;1.070;2.290;1.210;1.750;0.040;0.930;2.720;1.360;2.330
0.430;1.970;1.170;0.820;1.200;0.170;2.500;5.860;1.610;0.080;4.550;0.960;1.130;0.430;1.110;1.630;1.250;3.950;0.600;1.910;0.120;2.860;1.240;1.200;0.870;0.850;0.270;2.170;2.780;0.400;0.100;1.770;0.510;1.110;1.970;0.320;0.680;1.040;0.500;0.860;1.540;1.510;0.370;1.610;1.030;0.790;0.800;1.620;0.420;0.380
0.000;0.100;0.000;0.000;0.000;0.000;0.000;0.100;0.000;0.000;0.100;0.000;0.000;0.100;0.000;0.100;0.000;0.000;0.000;0.100;0.000;0.000;0.100;0.000;0.100;0.000;0.000;0.000;0.000;0.000;0.000;0.100;0.100;0.100;0.100;0.000;0.000;0.000;0.000;0.000;0.100;0.000;0.000;0.000;0.000;0.000;0.100;0.000;0.000;0.000
1.580;3.220;2.840;1.870;0.420;2.310;2.250;4.420;1.690;2.090;2.840;2.240;1.220;2.100;2.580;3.530;3.680;8.190;2.190;4.530;2.770;0.580;3.330;1.230;1.740;1.880;1.780;2.290;0.490;3.150;2.720;8.670;1.760;2.230;2.370;2.460;0.940;1.690;2.270;0.930;2.450;3.580;1.760;2.060;1.840;1.680;1.730;2.300;2.120;1.450
0.570;0.180;0.440;0.910;0.460;0.300;0.120;6.160;0.430;1.360;1.130;0.780;0.340;0.350;0.670;0.030;0.430;4.640;0.320;1.890;0.400;3.050;0.700;0.040;0.030;0.990;0.070;2.050;3.610;1.190;0.180;4.330;0.450;0.290;0.430;0.670;0.810;0.100;0.610;0.240;0.910;1.950;0.260;0.710;0.780;0.640;0.270;1.840;0.320;0.420
0.000;0.100;0.000;0.000;0.000;0.000;0.000;0.100;0.000;0.000;0.100;0.000;0.000;0.100;0.000;0.100;0.000;0.000;0.000;0.100;0.000;0.000;0.100;0.000;0.100;0.000;0.000;0.000;0.000;0.000;0.000;0.100;0.100;0.100;0.100;0.000;0.000;0.000;0.000;0.000;0.100;0.000;0.000;0.000;0.000;0.000;0.100;0.000;0.000;0.000
2.080;1.010;1.150;0.220;3.220;0.180;0.900;7.660;1.780;1.280;0.040;1.400;4.440;0.400;1.880;0.630;0.110;4.630;0.830;1.760;0.100;2.500;2.190;1.190;1.370;0.860;1.380;0.790;2.530;0.040;1.210;0.350;1.120;1.370;1.770;0.330;2.080;1.950;1.040;2.010;0.610;1.060;1.220;1.440;1.010;1.760;1.200;2.280;0.910;2.180
0.700;0.210;0.020;0.430;0.120;0.730;0.810;6.550;0.520;1.550;0.780;1.380;1.630;0.360;1.090;0.090;1.780;4.200;0.370;2.380;0.310;3.230;1.170;0.110;0.770;0.770;0.540;1.870;4.170;0.480;0.390;0.820;0.980;1.020;0.390;0.620;0.630;0.260;0.990;0.520;1.370;0.280;0.010;0.920;0.720;0.750;0.210;0.770;0.380;0.330
0.000;0.100;0.000;0.000;0.000;0.000;0.000;0.100;0.000;0.000;0.100;0.000;0.000;0.100;0.000;0.100;0.000;0.000;0.000;0.100;0.000;0.000;0.100;0.000;0.100;0.000;0.000;0.000;0.000;0.000;0.000;0.100;0.100;0.100;0.100;0.000;0.000;0.000;0.000;0.000;0.100;0.000;0.000;0.000;0.000;0.000;0.100;0.000;0.000;0.000
0.170;0.080;0.090;0.150;1.240;0.520;0.960;6.630;1.720;0.210;0.350;0.490;3.340;0.580;0.770;0.340;1.440;6.360;0.000;2.010;0.590;0.880;1.430;0.870;1.380;0.220;0.170;0.050;2.390;0.010;0.990;9.510;0.710;0.640;1.640;0.660;0.760;1.310;0.030;0.790;0.310;1.720;0.490;0.210;0.610;0.710;0.610;0.210;0.200;0.820
1.250;0.560;0.220;1.020;0.390;1.310;0.420;6.010;0.010;0.350;1.410;0.400;0.580;0.600;0.890;0.670;1.590;3.630;0.260;1.640;0.380;2.910;0.130;1.390;0.370;0.940;0.360;2.280;4.130;0.040;0.170;3.770;0.240;0.280;2.260;1.160;0.910;0.380;0.610;0.160;0.650;0.490;0.340;0.470;0.780;0.220;0.480;2.610;0.690;0.240
0.000;0.100;0.000;0.000;0.000;0.000;0.000;0.100;0.000;0.000;0.100;0.000;0.000;0.100;0.000;0.100;0.000;0.000;0.000;0.100;0.000;0.000;0.100;0.000;0.100;0.000;0.000;0.000;0.000;0.000;0.000;0.100;0.100;0.100;0.100;0.000;0.000;0.000;0.000;0.000;0.100;0.000;0.000;0.000;0.000;0.000;0.100;0.000;0.000;0.000
6.050;2.500;1.870;3.530;4.070;2.500;5.480;9.170;2.220;4.640;4.140;2.340;6.660;1.920;2.660;2.260;0.220;4.020;2.310;0.450;1.640;3.730;3.730;3.770;3.780;2.490;0.480;1.850;5.260;3.380;2.620;2.090;3.170;3.660;4.120;2.010;3.080;2.810;1.880;3.660;3.000;2.890;0.900;2.460;2.060;3.500;2.800;4.530;2.270;2.430
0.080;1.920;1.250;3.210;0.700;2.070;2.120;4.400;1.560;1.090;2.700;0.160;1.090;1.700;2.160;1.460;1.100;2.610;2.160;0.810;2.310;2.330;0.070;0.470;1.540;0.400;0.690;4.120;5.340;0.130;0.730;0.620;0.390;1.980;0.460;2.020;1.510;2.000;1.280;1.810;0.760;0.750;1.100;0.670;1.430;1.530;2.020;1.610;1.640;1.670
0.000;0.100;0.000;0.000;0.000;0.000;0.000;0.100;0.000;0.000;0.100;0.000;0.000;0.100;0.000;0.100;0.000;0.000;0.000;0.100;0.000;0.000;0.100;0.000;0.100;0.000;0.000;0.000;0.000;0.000;0.000;0.100;0.100;0.100;0.100;0.000;0.000;0.000;0.000;0.000;0.100;0.000;0.000;0.000;0.000;0.000;0.100;0.000;0.000;0.000
2.170;2.710;1.260;1.780;2.850;1.030;1.740;7.830;2.730;2.510;0.150;1.480;4.500;0.470;2.100;1.590;0.030;4.720;1.440;1.170;1.220;2.390;1.720;1.680;2.430;1.220;0.850;1.070;4.610;1.880;2.120;0.270;1.660;2.210;1.310;1.520;1.500;2.230;1.160;1.800;1.410;1.710;1.410;1.310;1.390;1.440;1.820;1.510;1.240;2.190
0.000;1.830;1.310;1.970;0.970;1.300;1.590;4.690;1.230;0.130;2.920;0.600;0.760;0.700;2.030;1.650;1.490;3.120;1.810;0.180;0.920;2.770;0.600;1.320;1.650;0.350;0.200;3.520;4.990;0.470;0.850;0.860;1.030;1.310;1.390;0.670;1.850;0.860;0.790;1.540;0.870;0.030;0.990;0.280;1.730;1.080;1.890;1.920;1.090;1.060
0.000;0.100;0.000;0.000;0.000;0.000;0.000;0.100;0.000;0.000;0.100;0.000;0.000;0.100;0.000;0.100;0.000;0.000;0.000;0.100;0.000;0.000;0.100;0.000;0.100;0.000;0.000;0.000;0.000;0.000;0.000;0.100;0.100;0.100;0.100;0.000;0.000;0.000;0.000;0.000;0.100;0.000;0.000;0.000;0.000;0.000;0.100;0.000;0.000;0.000
1.870;1.010;2.200;7.010;3.410;7.510;11.580;15.190;4.760;0.860;0.100;9.760;1.530;2.340;8.830;0.410;3.780;3.370;8.490;6.860;2.300;3.980;9.760;0.020;10.620;7.970;3.340;9.310;10.570;0.150;1.370;9.740;10.630;9.260;2.650;3.160;9.780;4.610;8.970;9.810;9.340;5.590;3.280;9.330;3.300;9.740;10.010;0.760;9.900;4.070
15.940;4.160;8.480;2.800;9.120;9.120;3.780;1.370;3.520;9.240;5.380;4.770;13.380;15.590;5.070;6.410;19.160;4.370;5.370;4.510;2.960;9.530;7.340;13.090;3.460;6.760;17.400;9.510;9.400;8.930;6.110;1.620;6.190;3.350;13.100;3.010;8.060;7.050;6.680;7.830;3.260;10.740;8.430;6.610;9.510;6.030;6.820;16.580;8.470;6.620
0.000;0.100;0.000;0.000;0.000;0.000;0.000;0.100;0.000;0.000;0.100;0.000;0.000;0.100;0.000;0.100;0.000;0.000;0.000;0.100;0.000;0.000;0.100;0.000;0.100;0.000;0.000;0.000;0.000;0.000;0.000;0.100;0.100;0.100;0.100;0.000;0.000;0.000;0.000;0.000;0.100;0.000;0.000;0.000;0.000;0.000;0.100;0.000;0.000;0.000
4.910;36.740;1.970;10.100;7.740;23.010;17.080;2.750;10.550;26.770;15.770;16.660;31.100;8.310;5.870;20.910;4.220;12.600;6.430;16.400;0.800;4.480;9.860;1.380;6.970;2.500;4.750;17.080;21.170;6.260;30.360;5.990;4.110;17.360;13.170;3.450;6.390;8.870;22.110;8.020;5.040;8.040;0.870;19.190;0.450;1.360;1.350;19.030;37.680;0.160
4.450;11.230;0.350;1.920;0.500;3.050;0.270;9.920;0.740;13.150;8.510;12.350;8.580;1.030;12.390;12.610;1.800;6.430;0.340;8.450;0.460;2.160;19.020;0.330;0.070;1.370;1.590;7.140;10.090;1.080;0.080;2.110;0.130;6.940;24.370;7.110;2.260;1.710;7.320;6.320;2.440;3.460;2.580;12.250;0.350;3.120;3.520;0.300;7.770;4.510
65.900;5.900;39.000;52.000;84.000;1.000;67.900;64.100;7.000;66.000;8.000;57.800;86.000;62.100;67.100;16.100;27.100;60.900;86.000;15.000;61.000;20.000;81.000;57.000;52.000;24.000;24.000;6.000;72.900;37.100;61.000;44.000;15.100;7.000;81.900;59.000;31.000;23.000;75.000;64.000;36.000;2.100;24.000;47.900;29.900;64.900;24.900;80.000;3.000;37.000
6.250;36.630;0.810;8.570;19.000;36.330;2.210;0.350;7.270;31.470;13.260;15.250;35.910;14.190;7.880;14.560;6.020;10.670;0.140;14.540;9.660;0.320;10.630;8.910;9.480;1.410;2.760;15.460;22.360;6.700;25.280;3.430;4.590;10.120;11.090;4.170;9.650;9.840;19.990;11.940;16.740;7.000;0.400;21.080;0.980;2.220;0.470;25.020;37.880;5.950
4.590;8.420;1.660;5.670;6.660;4.780;3.840;4.780;4.200;12.670;10.380;11.880;4.570;2.030;10.370;14.410;7.950;2.900;2.690;18.920;3.180;0.850;14.850;2.730;3.890;0.940;3.190;10.110;7.510;4.880;1.170;3.670;5.570;7.790;21.290;6.540;4.790;2.050;6.270;2.400;4.640;5.120;1.030;10.300;1.460;2.260;1.780;2.990;9.990;1.150
15.720;29.100;3.340;2.880;55.440;52.150;0.300;8.660;24.020;37.220;26.450;26.850;46.010;24.700;44.520;19.660;10.210;19.140;0.880;26.490;24.190;13.610;65.780;24.140;12.550;1.320;0.370;27.610;23.980;11.480;34.680;10.690;2.060;21.180;44.580;17.780;18.130;13.860;37.340;25.070;25.240;19.510;3.140;19.600;2.760;5.500;4.100;43.470;48.950;0.320
2.910;26.860;1.800;17.520;4.940;15.110;8.780;11.570;7.280;28.130;19.060;6.730;27.740;2.750;3.590;25.280;6.220;26.990;1.430;29.830;2.730;14.150;9.870;5.530;16.520;5.490;7.930;35.330;15.200;6.940;37.680;24.980;3.300;14.230;12.400;1.940;5.860;8.610;27.050;13.750;11.680;2.260;18.750;15.760;1.580;10.230;13.140;15.300;46.350;3.390
4.440;2.570;1.580;3.850;1.470;4.670;2.480;0.870;1.820;18.690;10.650;14.410;6.090;0.750;11.360;7.450;4.900;9.950;6.880;19.710;1.180;1.280;17.080;1.040;1.790;3.030;2.820;5.020;10.820;0.710;0.870;0.560;2.360;5.030;29.970;5.410;0.640;6.780;11.440;2.570;2.930;3.370;4.960;16.350;0.090;1.020;5.600;0.780;9.560;1.300
65.900;5.900;39.000;52.000;84.000;1.000;67.900;64.100;7.000;66.000;8.000;57.800;86.000;62.100;67.100;16.100;27.100;60.900;86.000;15.000;61.000;20.000;81.000;57.000;52.000;24.000;24.000;6.000;72.900;37.100;61.000;44.000;15.100;7.000;81.900;59.000;31.000;23.000;75.000;64.000;36.000;2.100;24.000;47.900;29.900;64.900;24.900;80.000;3.000;37.000
3.230;19.810;1.800;12.780;0.660;13.430;8.440;16.860;10.650;32.670;15.710;14.980;31.640;9.900;1.770;21.730;4.230;16.480;4.490;17.680;1.400;0.870;8.090;2.950;4.390;18.130;3.280;22.520;25.990;1.320;32.910;13.600;5.420;14.350;24.070;7.600;1.870;1.230;20.880;13.500;2.610;9.380;8.710;16.090;7.470;10.870;2.030;12.700;37.750;2.040
4.940;2.160;0.830;2.670;1.750;1.750;2.330;9.600;3.860;16.460;10.290;12.830;9.250;0.090;6.980;13.900;8.360;7.530;3.630;14.310;1.830;0.690;12.530;2.410;4.550;2.480;4.800;9.860;10.690;0.580;3.760;3.250;7.840;5.460;33.840;2.670;0.780;3.890;10.150;4.870;0.560;1.650;2.780;11.860;6.470;7.650;3.410;2.360;8.090;0.620
65.900;5.900;39.000;52.000;84.000;1.000;67.900;64.100;7.000;66.000;8.000;57.800;86.000;62.100;67.100;16.100;27.100;60.900;86.000;15.000;61.000;20.000;81.000;57.000;52.000;24.000;24.000;6.000;72.900;37.100;61.000;44.000;15.100;7.000;81.900;59.000;31.000;23.000;75.000;64.000;36.000;2.100;24.000;47.900;29.900;64.900;24.900;80.000;3.000;37.000
2.000;19.050;11.080;5.230;8.490;4.970;6.230;5.360;6.320;31.800;10.970;19.960;34.170;7.540;5.970;11.160;6.580;25.700;17.800;19.730;6.550;8.800;11.790;0.810;6.400;8.210;12.950;19.220;20.570;8.820;48.590;33.580;2.570;7.300;16.820;1.320;14.740;0.530;30.570;19.450;1.500;6.050;3.260;17.360;0.800;40.500;8.070;22.430;38.060;4.320
2.100;8.400;3.210;4.330;0.180;0.580;3.490;7.470;0.040;11.880;10.150;11.120;6.560;4.090;11.000;14.590;6.110;6.680;2.420;11.440;2.880;5.900;15.940;3.650;4.060;0.080;3.550;6.390;7.790;1.580;4.660;1.190;4.140;6.900;21.010;1.210;0.630;1.880;7.000;8.370;1.830;3.960;1.910;11.560;2.150;5.150;3.820;2.210;9.110;4.990
65.900;5.900;39.000;52.000;84.000;1.000;67.900;64.100;7.000;66.000;8.000;57.800;86.000;62.100;67.100;16.100;27.100;60.900;86.000;15.000;61.000;20.000;81.000;57.000;52.000;24.000;24.000;6.000;72.900;37.100;61.000;44.000;15.100;7.000;81.900;59.000;31.000;23.000;75.000;64.000;36.000;2.100;24.000;47.900;29.900;64.900;24.900;80.000;3.000;37.000
17.000;3.380;12.520;10.330;11.560;27.480;1.550;17.900;8.170;17.920;3.810;4.350;8.110;15.550;17.040;16.500;19.190;1.030;8.260;18.390;5.460;20.170;20.060;3.390;14.560;11.200;7.310;13.000;1.960;7.420;29.190;7.770;31.650;16.990;3.430;20.650;17.850;0.980;1.240;17.540;21.100;9.050;15.230;10.460;8.870;1.560;1.320;14.850;43.300;8.800
4.740;0.190;0.420;5.800;5.580;6.540;0.350;3.630;0.250;0.950;3.390;8.400;3.050;6.730;9.000;10.660;5.990;0.850;12.030;16.820;3.760;5.380;9.580;1.480;0.870;16.080;0.610;5.550;0.710;4.050;12.090;1.690;0.480;0.990;2.820;7.320;35.860;4.870;0.840;7.500;3.590;3.920;2.450;4.100;5.940;5.740;3.110;0.520;7.830;1.200
45.000;63.000;55.000;16.000;65.900;5.900;39.000;52.000;84.000;1.000;67.900;64.100;7.000;66.000;8.000;57.800;86.000;62.100;67.100;16.100;27.100;60.900;15.000;61.000;20.000;81.000;57.000;52.000;24.000;24.000;6.000;72.900;61.000;44.000;15.100;7.000;81.900;59.000;31.000;23.000;75.000;64.000;36.000;24.000;47.900;29.900;64.900;80.000;3.000;37.000
20.030;19.340;15.320;3.930;12.420;1.240;3.470;7.400;6.650;19.810;11.160;6.630;13.190;29.620;22.170;10.110;23.090;0.770;7.280;16.100;4.710;25.200;23.870;3.040;15.060;12.620;0.350;17.830;14.800;14.200;19.180;15.940;34.930;12.400;0.460;14.570;15.100;1.290;8.170;17.730;20.330;14.660;6.780;11.360;29.610;1.770;11.910;15.580;35.340;6.140
10.030;5.520;4.990;2.640;8.120;5.360;3.500;2.490;2.820;2.960;6.910;6.300;3.690;18.240;19.550;6.430;7.700;3.710;9.510;15.640;4.870;10.710;23.780;5.060;4.350;16.200;4.830;0.950;2.270;5.510;10.810;10.290;7.540;6.420;2.120;11.860;24.510;1.520;3.750;7.500;8.860;7.980;3.890;6.190;13.750;3.050;7.130;4.840;0.970;4.710
45.000;63.000;55.000;16.000;65.900;5.900;39.000;52.000;84.000;1.000;67.900;64.100;7.000;66.000;8.000;57.800;86.000;62.100;67.100;16.100;27.100;60.900;15.000;61.000;20.000;81.000;57.000;52.000;24.000;24.000;6.000;72.900;61.000;44.000;15.100;7.000;81.900;59.000;31.000;23.000;75.000;64.000;36.000;24.000;47.900;29.900;64.900;80.000;3.000;37.000
22.920;11.550;13.400;5.350;11.920;18.450;6.460;7.790;3.210;9.460;8.880;8.870;10.330;23.210;13.280;11.340;25.390;1.640;11.120;9.550;1.340;23.850;12.220;0.860;14.550;15.130;3.240;15.960;6.570;4.780;27.730;9.160;36.270;11.480;0.340;15.180;24.560;2.860;7.680;23.500;24.680;17.110;8.520;17.240;26.640;9.270;6.350;17.090;36.660;6.370
7.360;6.110;4.280;4.590;5.090;7.400;2.060;2.910;1.990;2.800;1.700;3.610;1.970;8.130;16.240;9.110;4.860;4.570;5.030;13.320;7.800;6.510;22.730;6.120;5.690;10.190;5.530;6.670;2.150;3.700;11.900;2.640;6.380;3.030;7.790;11.870;18.030;0.280;2.280;11.260;6.000;9.190;0.570;8.160;10.340;9.270;2.040;6.050;4.400;5.480
45.000;63.000;55.000;16.000;65.900;5.900;39.000;52.000;84.000;1.000;67.900;64.100;7.000;66.000;8.000;57.800;86.000;62.100;67.100;16.100;27.100;60.900;15.000;61.000;20.000;81.000;57.000;52.000;24.000;24.000;6.000;72.900;61.000;44.000;15.100;7.000;81.900;59.000;31.000;23.000;75.000;64.000;36.000;24.000;47.900;29.900;64.900;80.000;3.000;37.000
2.370;5.360;6.660;12.940;5.320;36.400;6.070;12.910;22.760;39.060;7.270;0.290;6.480;19.570;22.110;3.970;24.250;4.600;5.200;34.380;9.280;12.110;17.760;6.100;9.100;10.260;3.470;21.210;1.230;0.070;28.310;16.050;20.980;0.390;3.270;25.100;7.400;3.460;11.830;13.940;22.460;5.490;19.730;14.450;10.660;6.280;15.310;7.380;39.370;0.500
8.650;6.900;1.200;1.550;11.090;6.200;2.610;3.420;6.800;1.870;0.230;18.960;3.080;16.620;3.450;15.050;13.630;2.640;19.190;7.130;3.090;10.600;0.700;2.300;4.050;25.950;4.250;5.480;5.570;6.980;2.040;14.550;2.460;1.730;7.230;3.430;29.160;13.300;1.270;2.520;12.320;5.860;0.300;4.240;14.150;5.550;7.500;3.030;3.030;5.820
45.000;63.000;55.000;16.000;65.900;5.900;39.000;52.000;84.000;1.000;67.900;64.100;7.000;66.000;8.000;57.800;86.000;62.100;67.100;16.100;27.100;60.900;15.000;61.000;20.000;81.000;57.000;52.000;24.000;24.000;6.000;72.900;61.000;44.000;15.100;7.000;81.900;59.000;31.000;23.000;75.000;64.000;36.000;24.000;47.900;29.900;64.900;80.000;3.000;37.000
3.240;0.140;0.220;1.710;3.190;0.850;2.240;6.780;2.120;0.210;0.890;1.360;4.860;0.740;1.860;1.180;0.420;4.890;2.290;1.720;0.650;1.360;0.520;2.400;1.260;0.420;0.060;0.440;3.310;0.310;1.480;2.510;0.640;1.740;1.830;1.300;0.880;1.400;1.130;0.810;1.920;4.650;1.460;0.890;1.140;1.070;0.210;3.560;1.460;0.160
4.030;2.040;2.120;2.140;1.050;2.240;4.200;8.980;0.440;0.560;1.280;1.890;2.750;0.900;1.070;1.080;1.300;5.360;1.010;1.000;1.360;4.140;1.740;1.290;2.530;0.720;0.510;1.630;5.960;1.510;2.940;2.020;0.340;2.600;2.510;4.310;0.190;0.370;4.440;0.090;3.260;3.000;0.250;2.680;0.850;1.030;2.130;0.990;2.680;0.420
0.000;0.100;0.000;0.000;0.000;0.000;0.000;0.100;0.000;0.000;0.100;0.000;0.000;0.100;0.000;0.100;0.000;0.000;0.000;0.100;0.000;0.000;0.100;0.000;0.100;0.000;0.000;0.000;0.000;0.000;0.000;0.100;0.100;0.100;0.100;0.000;0.000;0.000;0.000;0.000;0.100;0.000;0.000;0.000;0.000;0.000;0.100;0.000;0.000;0.000
9.820;59.980;11.970;15.200;7.640;54.490;5.560;1.840;1.260;2.520;25.210;13.330;24.140;13.220;4.310;26.750;6.580;2.710;18.940;19.410;0.550;3.090;5.750;0.200;14.060;3.020;1.540;42.870;4.660;9.220;12.910;31.810;8.920;22.520;6.730;2.210;34.620;37.810;5.490;2.730;34.640;41.750;33.430;10.590;6.220;0.480;3.120;11.570;52.450;5.150
2.770;20.040;11.240;3.070;19.810;0.700;3.960;11.280;17.420;2.240;31.090;4.370;3.950;12.540;4.300;25.920;7.240;12.250;11.280;30.480;0.160;10.700;8.840;0.640;11.380;17.060;12.430;28.520;3.600;7.700;7.990;8.780;9.820;22.830;3.100;3.210;2.760;19.230;4.450;5.470;0.510;27.130;18.330;7.960;17.220;4.700;6.120;0.170;11.070;10.080
65.900;5.900;39.000;52.000;84.000;1.000;67.900;64.100;7.000;66.000;8.000;57.800;86.000;62.100;67.100;16.100;27.100;60.900;86.000;15.000;61.000;20.000;81.000;57.000;52.000;24.000;24.000;6.000;72.900;37.100;61.000;44.000;15.100;7.000;81.900;59.000;31.000;23.000;75.000;64.000;36.000;2.100;24.000;47.900;29.900;64.900;24.900;80.000;3.000;37.000
1.530;20.940;1.460;15.200;6.140;16.630;45.090;6.460;25.450;24.640;14.560;13.540;6.580;13.710;3.310;12.450;5.370;26.830;1.130;27.570;10.100;0.730;26.760;1.930;21.320;29.640;16.160;15.840;9.110;26.050;8.970;24.510;32.990;19.360;3.390;17.640;6.830;5.630;7.450;4.040;4.550;19.280;3.800;4.790;18.460;2.130;20.990;2.860;2.190;32.170
23.450;34.520;17.610;24.350;18.450;7.640;38.680;13.240;23.920;88.210;17.320;1.850;34.150;24.010;33.050;10.950;17.100;29.540;29.840;35.330;50.860;10.520;65.020;28.190;14.950;30.680;21.830;14.150;14.550;32.010;8.760;4.410;22.030;80.770;16.410;21.980;15.050;16.860;24.050;0.960;20.280;6.910;10.830;22.530;35.910;17.370;34.470;12.290;32.680;33.460
72.100;1.900;21.000;29.000;46.900;81.000;22.000;10.000;23.100;52.000;68.900;40.000;29.100;65.000;45.000;49.000;17.100;1.100;37.900;2.000;12.100;50.000;54.100;36.000;20.000;85.100;40.000;54.900;43.100;33.000;72.900;83.000;27.000;52.100;21.100;43.000;63.000;64.000;45.100;20.000;6.000;77.900;57.100;34.000;14.000;18.900;33.000;54.000;32.000;14.100
0.500;5.210;5.420;4.110;0.860;4.530;3.270;6.180;6.390;0.140;9.860;0.460;3.770;2.440;23.400;22.380;5.910;7.710;4.480;4.410;6.470;7.940;0.610;5.310;2.760;0.430;5.610;1.050;5.750;2.310;5.910;2.960;2.350;3.280;22.720;10.610;1.530;3.670;0.850;1.710;4.670;2.570;4.970;0.610;1.850;0.270;2.310;4.930;3.710;0.750
20.250;8.540;1.010;5.560;6.910;4.000;25.310;0.100;5.990;1.370;14.680;6.390;19.350;5.100;80.170;51.600;15.910;3.940;10.860;7.490;15.100;24.510;2.980;17.310;18.860;4.390;15.470;1.040;14.340;2.630;5.680;6.630;12.920;18.130;10.110;12.760;1.840;3.540;4.100;1.070;21.940;6.090;12.740;6.610;7.630;5.410;20.650;20.860;6.700;8.220
0.000;0.100;0.000;0.000;0.000;0.000;0.000;0.100;0.000;0.000;0.100;0.000;0.000;0.100;0.000;0.100;0.000;0.000;0.000;0.100;0.000;0.000;0.100;0.000;0.100;0.000;0.000;0.000;0.000;0.000;0.000;0.100;0.100;0.100;0.100;0.000;0.000;0.000;0.000;0.000;0.100;0.000;0.000;0.000;0.000;0.000;0.100;0.000;0.000;0.000
1.940;1.220;0.940;1.200;1.940;0.010;2.990;5.970;2.110;2.140;0.550;1.980;0.670;2.250;5.380;6.680;5.290;6.180;4.240;0.500;3.690;1.910;0.980;2.150;0.220;1.100;2.700;2.230;1.080;2.580;1.230;1.850;0.920;0.730;8.440;1.970;0.840;3.630;1.240;0.580;1.060;1.820;3.640;0.920;0.240;1.160;0.700;1.470;1.760;0.790
1.440;3.590;2.270;3.250;1.680;11.580;6.640;8.650;0.270;1.800;3.980;0.320;0.100;0.990;3.150;13.980;1.140;2.400;2.430;4.070;4.510;5.020;1.220;0.420;4.730;1.850;0.050;3.040;1.360;6.310;0.190;1.060;6.340;1.220;4.900;8.770;0.240;3.740;0.770;0.650;4.420;6.310;1.770;1.190;2.640;3.170;0.750;0.710;4.260;0.320
0.000;0.100;0.000;0.000;0.000;0.000;0.000;0.100;0.000;0.000;0.100;0.000;0.000;0.100;0.000;0.100;0.000;0.000;0.000;0.100;0.000;0.000;0.100;0.000;0.100;0.000;0.000;0.000;0.000;0.000;0.000;0.100;0.100;0.100;0.100;0.000;0.000;0.000;0.000;0.000;0.100;0.000;0.000;0.000;0.000;0.000;0.100;0.000;0.000;0.000
2.630;11.530;3.030;9.860;16.100;13.980;17.720;7.220;3.640;32.170;14.200;17.030;26.990;8.320;4.950;17.890;5.740;30.130;11.460;18.840;4.890;3.270;10.800;2.490;0.800;3.310;5.550;25.210;28.320;12.330;37.880;21.040;4.150;20.280;10.660;2.390;3.760;6.060;30.520;24.370;0.210;3.170;12.470;22.540;4.770;20.000;3.720;25.920;31.740;0.130
0.850;5.870;0.670;5.750;5.320;6.580;1.860;6.690;3.710;11.150;11.290;7.600;5.150;2.270;9.930;12.640;4.670;6.350;5.090;19.110;4.010;0.140;16.810;3.670;6.280;4.120;3.480;14.080;7.840;3.230;2.670;3.450;2.390;10.550;24.020;5.700;4.420;0.120;6.700;4.970;2.100;1.340;5.300;11.270;2.330;3.260;0.950;2.090;8.830;0.790
65.900;5.900;39.000;52.000;84.000;1.000;67.900;64.100;7.000;66.000;8.000;57.800;86.000;62.100;67.100;16.100;27.100;60.900;86.000;15.000;61.000;20.000;81.000;57.000;52.000;24.000;24.000;6.000;72.900;37.100;61.000;44.000;15.100;7.000;81.900;59.000;31.000;23.000;75.000;64.000;36.000;2.100;24.000;47.900;29.900;64.900;24.900;80.000;3.000;37.000
